<?xml version="1.0" encoding="UTF-8"?>

<!-- Definition of example RM customization model -->

<model name="myrm:myRecordsManagement" xmlns="http://www.alfresco.org/model/dictionary/1.0">

   <!-- Meta-data about the model -->
   <description>Example RM Customization Model</description>
   <author>Tuna Aksoy</author>
   <version>1.0</version>

   <!-- Imports are required to allow references to definitions in other models -->
   <imports>
      <!-- Import Alfresco Dictionary Definitions -->
      <import uri="http://www.alfresco.org/model/dictionary/1.0" prefix="d"/>
      <!-- Import Alfresco Content Domain Model Definitions -->
      <import uri="http://www.alfresco.org/model/content/1.0" prefix="cm"/>
      <!-- Import Alfresco Content Domain Model Definitions -->
      <import uri="http://www.alfresco.org/model/system/1.0" prefix="sys" />
      <!-- Import Alfresco Records Management Model Definitions -->
      <import uri="http://www.alfresco.org/model/recordsmanagement/1.0" prefix="rma" />
   </imports>

   <!-- Records Management Namespace -->
   <namespaces>
      <namespace uri="http://www.alfresco.org/model/myRecordsManagement/1.0" prefix="myrm"/>
   </namespaces>

   <types>
   
      <!-- Custom compliance site type -->
      <type name="myrm:site">
         <title>My Compliance Site</title>
         <parent>rma:rmsite</parent>
      </type>
      
      <!-- Custom compliance file plan type -->
      <type name="myrm:filePlan">
         <title>My Compliance File Plan</title>
         <parent>rma:filePlan</parent>
      </type>
      
   </types>

   <aspects>
   
      <aspect name="myrm:myComplianceRecordMetaData">
         <title>Compliant Record</title>
         <properties>
            <property name="myrm:myComplianceID">
               <title>Compliance ID</title>
               <type>d:text</type>
               <mandatory>true</mandatory>
            </property>
         </properties>
      </aspect>
      
   </aspects>
</model>