<!-- Share configuration related to this particular Share module extension, such as:
     - Doclib action config
     - Form config
     - Aspect and Type config

    Note. Any configuration related to the whole Share.war webapp
           (i.e. not specific to this share extension) should be
            placed in the environment specific config:
             alfresco-allinone/share/src/main/resources/alfresco/web-extension/share-config-custom.xml file
     -->
<alfresco-config>
    <!--================================================================================================================
        Make custom types and aspects visible in "Change Type" and "Manage Aspects" actions.
         This will also make them visible when creating rules.
        (will be merged with out-of-the-box configured types and aspects)
    =============================================================================================================-->

    <config evaluator="string-compare" condition="DocumentLibrary">
        <aspects>
            <visible>
                <aspect name="acme:webPublished"/>
                <aspect name="acme:securityClassified"/>
                <aspect name="acme:projectIdentifier"/>
            </visible>
            <addable> <!-- defaults to visible config -->
            </addable>
            <removeable> <!-- defaults to visible config -->
            </removeable>
        </aspects>
        <types>
            <type name="cm:folder">
                <subtype name="acme:project"/>
            </type>
            <!-- First define the ACME base doc type as decedent from cm:content -->
            <type name="cm:content">
                <subtype name="acme:document"/>
            </type>
            <!-- Then the ACME sub-types -->
            <type name="acme:document">
                <subtype name="acme:contract"/>
                <subtype name="acme:policy"/>
                <subtype name="acme:whitePaper"/>
            </type>
        </types>
    </config>

    <!--================================================================================================================
        Advanced Search Forms for types
        (search forms for aspects are not available)
    =============================================================================================================-->

    <config evaluator="string-compare" condition="AdvancedSearch" replace="true">
        <advanced-search>
            <forms>
                <form labelId="form.label.advancedsearch.acmeDocument"
                      descriptionId="form.description.advancedsearch.acmeDocument">acme:document
                </form>
                <form labelId="form.label.advancedsearch.acmeContract"
                      descriptionId="form.description.advancedsearch.acmeContract">acme:contract
                </form>
                <form labelId="form.label.advancedsearch.acmePolicy"
                      descriptionId="form.description.advancedsearch.acmePolicy">acme:policy
                </form>
                <form labelId="form.label.advancedsearch.acmeWhitePaper"
                      descriptionId="form.description.advancedsearch.acmeWhitePaper">acme:whitePaper
                </form>
                <form labelId="form.label.advancedsearch.acmeProject"
                      descriptionId="form.description.advancedsearch.acmeProject">acme:project
                </form>
            </forms>
        </advanced-search>
    </config>

    <!--================================================================================================================
         View, Edit, Create, and Search forms for custom types

         The following form configurations for the custom types
         have not been created from scratch. We have instead copied
         out-of-the-box form configurations for cm:content and cm:folder
         from the tomcat/webapps/share/WEB-INF/classes/alfresco/share-form-config.xml file
         and used them as a starting point.

        =============================================================================================================-->

    <!-- __________________________________ acme:document base type _________________________________________________-->

    <!-- View and Edit forms for acme:document -->
    <config evaluator="node-type" condition="acme:document">
        <forms>
            <!-- Default form configuration -->
            <form>
                <field-visibility>
                    <show id="cm:name" />
                    <show id="cm:title" force="true" />
                    <show id="cm:description" force="true" />
                    <show id="mimetype" />
                    <show id="cm:author" force="true" />
                    <show id="size" for-mode="view" />
                    <show id="cm:creator" for-mode="view" />
                    <show id="cm:created" for-mode="view" />
                    <show id="cm:modifier" for-mode="view" />
                    <show id="cm:modified" for-mode="view" />

                    <!-- tags and categories -->
                    <show id="cm:taggable" for-mode="edit" force="true" />
                    <show id="cm:categories" />

                    <!-- cm:dublincore aspect -->
                    <show id="cm:publisher"/>
                    <show id="cm:contributor"/>
                    <show id="cm:type"/>
                    <show id="cm:identifier"/>
                    <show id="cm:dcsource"/>
                    <show id="cm:coverage"/>
                    <show id="cm:rights"/>
                    <show id="cm:subject"/>

                    <!-- cm:complianceable aspect -->
                    <show id="cm:removeAfter" />

                    <!-- cm:effectivity aspect -->
                    <show id="cm:from"/>
                    <show id="cm:to"/>

                    <!--  cm:summarizable aspect -->
                    <show id="cm:summary" />

                    <!-- cm:translatable aspect -->
                    <show id="cm:translations" />

                    <!-- cm:localizable aspect -->
                    <show id="cm:locale" />

                    <!-- cm:ownable aspect -->
                    <show id="cm:owner" />

                    <!-- cm:attachable aspect -->
                    <show id="cm:attachments" />

                    <!-- cm:emailed aspect -->
                    <show id="cm:originator" />
                    <show id="cm:addressee" />
                    <show id="cm:addressees" />
                    <show id="cm:sentdate" />
                    <show id="cm:subjectline" />

                    <!-- exif:exif aspect -->
                    <show id="exif:dateTimeOriginal" />
                    <show id="exif:pixelXDimension" />
                    <show id="exif:pixelYDimension" />
                    <show id="exif:exposureTime" />
                    <show id="exif:fNumber" />
                    <show id="exif:flash" />
                    <show id="exif:focalLength" />
                    <show id="exif:isoSpeedRatings" />
                    <show id="exif:manufacturer" />
                    <show id="exif:model" />
                    <show id="exif:software" />
                    <show id="exif:orientation" />
                    <show id="exif:xResolution" />
                    <show id="exif:yResolution" />
                    <show id="exif:resolutionUnit" />

                    <!-- audio:audio aspect -->
                    <show id="audio:album" />
                    <show id="audio:artist" />
                    <show id="audio:composer" />
                    <show id="audio:engineer" />
                    <show id="audio:genre" />
                    <show id="audio:trackNumber" />
                    <show id="audio:releaseDate" />
                    <show id="audio:sampleRate" />
                    <show id="audio:sampleType" />
                    <show id="audio:channelType" />
                    <show id="audio:compressor" />

                    <!-- cm:indexControl aspect -->
                    <show id="cm:isIndexed" />
                    <show id="cm:isContentIndexed" />

                    <!-- cm:geographic aspect -->
                    <show id="cm:latitude" />
                    <show id="cm:longitude" />

                    <!-- surf:widget aspect -->
                    <show id="surf:widgetType"/>
                    <show id="surf:mid"/>
                    <show id="surf:label"/>

                    <show id="acme:documentId" force="true"/>
                    <show id="acme:securityClassification" />
                </field-visibility>
                <appearance>
                    <field id="cm:name">
                        <control>
                            <control-param name="maxLength">255</control-param>
                        </control>
                    </field>
                    <field id="cm:title">
                        <control template="/org/alfresco/components/form/controls/textfield.ftl" />
                    </field>
                    <field id="cm:description">
                        <control>
                            <control-param name="activateLinks">true</control-param>
                        </control>
                    </field>
                    <field id="mimetype">
                        <control template="/org/alfresco/components/form/controls/mimetype.ftl" />
                    </field>
                    <field id="size">
                        <control template="/org/alfresco/components/form/controls/size.ftl" />
                    </field>
                    <field id="cm:taggable">
                        <control>
                            <control-param name="compactMode">true</control-param>
                            <control-param name="params">aspect=cm:taggable</control-param>
                            <control-param name="createNewItemUri">/api/tag/workspace/SpacesStore</control-param>
                            <control-param name="createNewItemIcon">tag</control-param>
                        </control>
                    </field>
                    <field id="cm:categories">
                        <control>
                            <control-param name="compactMode">true</control-param>
                        </control>
                    </field>
                    <field id="cm:originator" read-only="true" />
                    <field id="cm:addressee" read-only="true" />
                    <field id="cm:addressees" read-only="true" />
                    <field id="cm:sentdate" read-only="true" />
                    <field id="cm:subjectline" read-only="true" />

                    <set id="acmeDocSet" appearance="bordered-panel" label-id="form.set.label.acme.document"/>
                    <field id="acme:documentId"  label-id="form.field.label.acme.documentId" set="acmeDocSet">
                        <control template="/org/alfresco/components/form/controls/textfield.ftl"/>
                    </field>
                    <field id="acme:securityClassification" label-id="form.field.label.acme.securityClassification" set="acmeDocSet"/>
                </appearance>
            </form>

            <!-- Document Library pop-up Edit Metadata form -->
            <form id="doclib-simple-metadata">
                <field-visibility>
                    <show id="cm:name" />
                    <show id="cm:title" force="true" />
                    <show id="cm:description" force="true" />
                    <!-- tags and categories -->
                    <show id="cm:taggable" for-mode="edit" force="true" />
                    <show id="cm:categories" />

                    <show id="acme:documentId" force="true"/>
                    <show id="acme:securityClassification" />
                </field-visibility>
                <edit-form template="../documentlibrary/forms/doclib-simple-metadata.ftl" />
                <appearance>
                    <field id="cm:name">
                        <control>
                            <control-param name="maxLength">255</control-param>
                        </control>
                    </field>
                    <field id="cm:title">
                        <control template="/org/alfresco/components/form/controls/textfield.ftl" />
                    </field>
                    <field id="cm:description">
                        <control>
                            <control-param name="activateLinks">true</control-param>
                        </control>
                    </field>
                    <field id="cm:taggable">
                        <control>
                            <control-param name="compactMode">true</control-param>
                            <control-param name="params">aspect=cm:taggable</control-param>
                            <control-param name="createNewItemUri">/api/tag/workspace/SpacesStore</control-param>
                            <control-param name="createNewItemIcon">tag</control-param>
                        </control>
                    </field>
                    <field id="cm:categories">
                        <control>
                            <control-param name="compactMode">true</control-param>
                        </control>
                    </field>

                    <set id="acmeDocSet" appearance="bordered-panel" label-id="form.set.label.acme.document"/>
                    <field id="acme:documentId"  label-id="form.field.label.acme.documentId" set="acmeDocSet">
                        <control template="/org/alfresco/components/form/controls/textfield.ftl"/>
                    </field>
                    <field id="acme:securityClassification" label-id="form.field.label.acme.securityClassification" set="acmeDocSet"/>
                </appearance>
            </form>

            <!-- Document Library Inline Edit form -->
            <form id="doclib-inline-edit">
                <field-visibility>
                    <show id="cm:name" />
                    <show id="cm:content" force="true" />
                    <show id="cm:title" force="true" />
                    <show id="cm:description" force="true" />

                    <show id="acme:documentId" force="true"/>
                    <show id="acme:securityClassification" />
                </field-visibility>
                <appearance>
                    <field id="cm:name">
                        <control>
                            <control-param name="maxLength">255</control-param>
                        </control>
                    </field>
                    <field id="cm:title">
                        <control template="/org/alfresco/components/form/controls/textfield.ftl" />
                    </field>
                    <field id="cm:content" label-id="">
                        <control>
                            <control-param name="editorAppearance">explorer</control-param>
                            <control-param name="forceEditor">true</control-param>
                        </control>
                    </field>

                    <set id="acmeDocSet" appearance="bordered-panel" label-id="form.set.label.acme.document"/>
                    <field id="acme:documentId"  label-id="form.field.label.acme.documentId" set="acmeDocSet">
                        <control template="/org/alfresco/components/form/controls/textfield.ftl"/>
                    </field>
                    <field id="acme:securityClassification" label-id="form.field.label.acme.securityClassification" set="acmeDocSet"/>
                </appearance>
            </form>
        </forms>
    </config>

    <!-- Create and search forms for acme:document -->
    <config evaluator="model-type" condition="acme:document">
        <forms>
            <form>
                <field-visibility>
                    <show id="cm:name"/>
                    <show id="cm:content" force="true"/>
                    <show id="cm:title" force="true"/>
                    <show id="cm:description" force="true"/>
                    <show id="mimetype"/>
                    <show id="app:editInline" force="true"/>

                    <show id="acme:documentId" force="true"/>
                    <show id="acme:securityClassification" />
                </field-visibility>
                <appearance>
                    <field id="cm:name">
                        <control>
                            <control-param name="maxLength">255</control-param>
                        </control>
                    </field>
                    <field id="cm:title">
                        <control template="/org/alfresco/components/form/controls/textfield.ftl"/>
                    </field>
                    <field id="cm:content" label-id="">
                        <control>
                            <control-param name="editorAppearance">explorer</control-param>
                        </control>
                    </field>
                    <field id="mimetype">
                        <control template="/org/alfresco/components/form/controls/hidden.ftl">
                            <control-param name="contextProperty">mimeType</control-param>
                        </control>
                    </field>
                    <field id="app:editInline">
                        <control template="/org/alfresco/components/form/controls/hidden.ftl">
                            <control-param name="contextProperty">editInline</control-param>
                        </control>
                    </field>

                    <set id="acmeDocSet" appearance="bordered-panel" label-id="form.set.label.acme.document"/>
                    <field id="acme:documentId"  label-id="form.field.label.acme.documentId" set="acmeDocSet">
                        <control template="/org/alfresco/components/form/controls/textfield.ftl"/>
                    </field>
                    <field id="acme:securityClassification" label-id="form.field.label.acme.securityClassification" set="acmeDocSet"/>
                </appearance>
            </form>
            <!-- Search form -->
            <form id="search">
                <field-visibility>
                    <show id="cm:name" />
                    <show id="cm:title" force="true" />
                    <show id="cm:description" force="true" />
                    <show id="mimetype" />
                    <show id="cm:modified" />
                    <show id="cm:modifier" />

                    <show id="acme:documentId" force="true"/>
                    <show id="acme:securityClassification" />
                </field-visibility>
                <appearance>
                    <field id="mimetype">
                        <control template="/org/alfresco/components/form/controls/mimetype.ftl" />
                    </field>
                    <field id="cm:modifier">
                        <control>
                            <control-param name="forceEditable">true</control-param>
                        </control>
                    </field>
                    <field id="cm:modified">
                        <control template="/org/alfresco/components/form/controls/daterange.ftl" />
                    </field>

                    <set id="acmeDocSet" appearance="bordered-panel" label-id="form.set.label.acme.document"/>
                    <field id="acme:documentId"  label-id="form.field.label.acme.documentId" set="acmeDocSet">
                        <control template="/org/alfresco/components/form/controls/textfield.ftl"/>
                    </field>
                    <field id="acme:securityClassification" label-id="form.field.label.acme.securityClassification" set="acmeDocSet"/>
                </appearance>
            </form>
        </forms>
    </config>

    <!-- __________________________________ acme:contract type ______________________________________________________-->

    <!-- View and Edit forms for acme:contract -->
    <config evaluator="node-type" condition="acme:contract">
        <forms>
            <!-- Default form configuration -->
            <form>
                <field-visibility>
                    <show id="cm:name" />
                    <show id="cm:title" force="true" />
                    <show id="cm:description" force="true" />
                    <show id="mimetype" />
                    <show id="cm:author" force="true" />
                    <show id="size" for-mode="view" />
                    <show id="cm:creator" for-mode="view" />
                    <show id="cm:created" for-mode="view" />
                    <show id="cm:modifier" for-mode="view" />
                    <show id="cm:modified" for-mode="view" />

                    <!-- tags and categories -->
                    <show id="cm:taggable" for-mode="edit" force="true" />
                    <show id="cm:categories" />

                    <!-- cm:dublincore aspect -->
                    <show id="cm:publisher"/>
                    <show id="cm:contributor"/>
                    <show id="cm:type"/>
                    <show id="cm:identifier"/>
                    <show id="cm:dcsource"/>
                    <show id="cm:coverage"/>
                    <show id="cm:rights"/>
                    <show id="cm:subject"/>

                    <!-- cm:complianceable aspect -->
                    <show id="cm:removeAfter" />

                    <!-- cm:effectivity aspect -->
                    <show id="cm:from"/>
                    <show id="cm:to"/>

                    <!--  cm:summarizable aspect -->
                    <show id="cm:summary" />

                    <!-- cm:translatable aspect -->
                    <show id="cm:translations" />

                    <!-- cm:localizable aspect -->
                    <show id="cm:locale" />

                    <!-- cm:ownable aspect -->
                    <show id="cm:owner" />

                    <!-- cm:attachable aspect -->
                    <show id="cm:attachments" />

                    <!-- cm:emailed aspect -->
                    <show id="cm:originator" />
                    <show id="cm:addressee" />
                    <show id="cm:addressees" />
                    <show id="cm:sentdate" />
                    <show id="cm:subjectline" />

                    <!-- exif:exif aspect -->
                    <show id="exif:dateTimeOriginal" />
                    <show id="exif:pixelXDimension" />
                    <show id="exif:pixelYDimension" />
                    <show id="exif:exposureTime" />
                    <show id="exif:fNumber" />
                    <show id="exif:flash" />
                    <show id="exif:focalLength" />
                    <show id="exif:isoSpeedRatings" />
                    <show id="exif:manufacturer" />
                    <show id="exif:model" />
                    <show id="exif:software" />
                    <show id="exif:orientation" />
                    <show id="exif:xResolution" />
                    <show id="exif:yResolution" />
                    <show id="exif:resolutionUnit" />

                    <!-- audio:audio aspect -->
                    <show id="audio:album" />
                    <show id="audio:artist" />
                    <show id="audio:composer" />
                    <show id="audio:engineer" />
                    <show id="audio:genre" />
                    <show id="audio:trackNumber" />
                    <show id="audio:releaseDate" />
                    <show id="audio:sampleRate" />
                    <show id="audio:sampleType" />
                    <show id="audio:channelType" />
                    <show id="audio:compressor" />

                    <!-- cm:indexControl aspect -->
                    <show id="cm:isIndexed" />
                    <show id="cm:isContentIndexed" />

                    <!-- cm:geographic aspect -->
                    <show id="cm:latitude" />
                    <show id="cm:longitude" />

                    <!-- surf:widget aspect -->
                    <show id="surf:widgetType"/>
                    <show id="surf:mid"/>
                    <show id="surf:label"/>

                    <show id="acme:documentId" force="true"/>
                    <show id="acme:securityClassification" />
                    <show id="acme:contractName" />
                    <show id="acme:contractId" />
                </field-visibility>
                <appearance>
                    <field id="cm:name">
                        <control>
                            <control-param name="maxLength">255</control-param>
                        </control>
                    </field>
                    <field id="cm:title">
                        <control template="/org/alfresco/components/form/controls/textfield.ftl" />
                    </field>
                    <field id="cm:description">
                        <control>
                            <control-param name="activateLinks">true</control-param>
                        </control>
                    </field>
                    <field id="mimetype">
                        <control template="/org/alfresco/components/form/controls/mimetype.ftl" />
                    </field>
                    <field id="size">
                        <control template="/org/alfresco/components/form/controls/size.ftl" />
                    </field>
                    <field id="cm:taggable">
                        <control>
                            <control-param name="compactMode">true</control-param>
                            <control-param name="params">aspect=cm:taggable</control-param>
                            <control-param name="createNewItemUri">/api/tag/workspace/SpacesStore</control-param>
                            <control-param name="createNewItemIcon">tag</control-param>
                        </control>
                    </field>
                    <field id="cm:categories">
                        <control>
                            <control-param name="compactMode">true</control-param>
                        </control>
                    </field>
                    <field id="cm:originator" read-only="true" />
                    <field id="cm:addressee" read-only="true" />
                    <field id="cm:addressees" read-only="true" />
                    <field id="cm:sentdate" read-only="true" />
                    <field id="cm:subjectline" read-only="true" />

                    <set id="acmeDocSet" appearance="bordered-panel" label-id="form.set.label.acme.document"/>
                    <field id="acme:documentId"  label-id="form.field.label.acme.documentId" set="acmeDocSet">
                        <control template="/org/alfresco/components/form/controls/textfield.ftl"/>
                    </field>
                    <field id="acme:securityClassification" label-id="form.field.label.acme.securityClassification" set="acmeDocSet"/>

                    <set id="contractDocSet" appearance="bordered-panel" label-id="form.set.label.acme.contract"/>
                    <field id="acme:contractName"  label-id="form.field.label.acme.contractName" set="contractDocSet"/>
                    <field id="acme:contractId" label-id="form.field.label.acme.contractId" set="contractDocSet"/>
                </appearance>
            </form>

            <!-- Document Library pop-up Edit Metadata form -->
            <form id="doclib-simple-metadata">
                <field-visibility>
                    <show id="cm:name" />
                    <show id="cm:title" force="true" />
                    <show id="cm:description" force="true" />
                    <!-- tags and categories -->
                    <show id="cm:taggable" for-mode="edit" force="true" />
                    <show id="cm:categories" />

                    <show id="acme:documentId" force="true"/>
                    <show id="acme:securityClassification" />
                    <show id="acme:contractName" />
                    <show id="acme:contractId" />
                </field-visibility>
                <edit-form template="../documentlibrary/forms/doclib-simple-metadata.ftl" />
                <appearance>
                    <field id="cm:name">
                        <control>
                            <control-param name="maxLength">255</control-param>
                        </control>
                    </field>
                    <field id="cm:title">
                        <control template="/org/alfresco/components/form/controls/textfield.ftl" />
                    </field>
                    <field id="cm:description">
                        <control>
                            <control-param name="activateLinks">true</control-param>
                        </control>
                    </field>
                    <field id="cm:taggable">
                        <control>
                            <control-param name="compactMode">true</control-param>
                            <control-param name="params">aspect=cm:taggable</control-param>
                            <control-param name="createNewItemUri">/api/tag/workspace/SpacesStore</control-param>
                            <control-param name="createNewItemIcon">tag</control-param>
                        </control>
                    </field>
                    <field id="cm:categories">
                        <control>
                            <control-param name="compactMode">true</control-param>
                        </control>
                    </field>

                    <set id="acmeDocSet" appearance="bordered-panel" label-id="form.set.label.acme.document"/>
                    <field id="acme:documentId"  label-id="form.field.label.acme.documentId" set="acmeDocSet">
                        <control template="/org/alfresco/components/form/controls/textfield.ftl"/>
                    </field>
                    <field id="acme:securityClassification" label-id="form.field.label.acme.securityClassification" set="acmeDocSet"/>

                    <set id="contractDocSet" appearance="bordered-panel" label-id="form.set.label.acme.contract"/>
                    <field id="acme:contractName"  label-id="form.field.label.acme.contractName" set="contractDocSet"/>
                    <field id="acme:contractId" label-id="form.field.label.acme.contractId" set="contractDocSet"/>
                </appearance>
            </form>

            <!-- Document Library Inline Edit form -->
            <form id="doclib-inline-edit">
                <field-visibility>
                    <show id="cm:name" />
                    <show id="cm:content" force="true" />
                    <show id="cm:title" force="true" />
                    <show id="cm:description" force="true" />

                    <show id="acme:documentId" force="true"/>
                    <show id="acme:securityClassification" />
                    <show id="acme:contractName" />
                    <show id="acme:contractId" />
                </field-visibility>
                <appearance>
                    <field id="cm:name">
                        <control>
                            <control-param name="maxLength">255</control-param>
                        </control>
                    </field>
                    <field id="cm:title">
                        <control template="/org/alfresco/components/form/controls/textfield.ftl" />
                    </field>
                    <field id="cm:content" label-id="">
                        <control>
                            <control-param name="editorAppearance">explorer</control-param>
                            <control-param name="forceEditor">true</control-param>
                        </control>
                    </field>

                    <set id="acmeDocSet" appearance="bordered-panel" label-id="form.set.label.acme.document"/>
                    <field id="acme:documentId"  label-id="form.field.label.acme.documentId" set="acmeDocSet">
                        <control template="/org/alfresco/components/form/controls/textfield.ftl"/>
                    </field>
                    <field id="acme:securityClassification" label-id="form.field.label.acme.securityClassification" set="acmeDocSet"/>

                    <set id="contractDocSet" appearance="bordered-panel" label-id="form.set.label.acme.contract"/>
                    <field id="acme:contractName"  label-id="form.field.label.acme.contractName" set="contractDocSet"/>
                    <field id="acme:contractId" label-id="form.field.label.acme.contractId" set="contractDocSet"/>
                </appearance>
            </form>
        </forms>
    </config>

    <!-- Create and search forms for acme:contract -->
    <config evaluator="model-type" condition="acme:contract">
        <forms>
            <form>
                <field-visibility>
                    <show id="cm:name"/>
                    <show id="cm:content" force="true"/>
                    <show id="cm:title" force="true"/>
                    <show id="cm:description" force="true"/>
                    <show id="mimetype"/>
                    <show id="app:editInline" force="true"/>

                    <show id="acme:documentId" force="true"/>
                    <show id="acme:securityClassification" />
                    <show id="acme:contractName" />
                    <show id="acme:contractId" />
                </field-visibility>
                <appearance>
                    <field id="cm:name">
                        <control>
                            <control-param name="maxLength">255</control-param>
                        </control>
                    </field>
                    <field id="cm:title">
                        <control template="/org/alfresco/components/form/controls/textfield.ftl"/>
                    </field>
                    <field id="cm:content" label-id="">
                        <control>
                            <control-param name="editorAppearance">explorer</control-param>
                        </control>
                    </field>
                    <field id="mimetype">
                        <control template="/org/alfresco/components/form/controls/hidden.ftl">
                            <control-param name="contextProperty">mimeType</control-param>
                        </control>
                    </field>
                    <field id="app:editInline">
                        <control template="/org/alfresco/components/form/controls/hidden.ftl">
                            <control-param name="contextProperty">editInline</control-param>
                        </control>
                    </field>

                    <set id="acmeDocSet" appearance="bordered-panel" label-id="form.set.label.acme.document"/>
                    <field id="acme:documentId"  label-id="form.field.label.acme.documentId" set="acmeDocSet">
                        <control template="/org/alfresco/components/form/controls/textfield.ftl"/>
                    </field>
                    <field id="acme:securityClassification" label-id="form.field.label.acme.securityClassification" set="acmeDocSet"/>

                    <set id="contractDocSet" appearance="bordered-panel" label-id="form.set.label.acme.contract"/>
                    <field id="acme:contractName"  label-id="form.field.label.acme.contractName" set="contractDocSet"/>
                    <field id="acme:contractId" label-id="form.field.label.acme.contractId" set="contractDocSet"/>
                </appearance>
            </form>
            <!-- Search form -->
            <form id="search">
                <field-visibility>
                    <show id="cm:name" />
                    <show id="cm:title" force="true" />
                    <show id="cm:description" force="true" />
                    <show id="mimetype" />
                    <show id="cm:modified" />
                    <show id="cm:modifier" />

                    <show id="acme:documentId" force="true"/>
                    <show id="acme:securityClassification" />
                    <show id="acme:contractName" />
                    <show id="acme:contractId" />
                </field-visibility>
                <appearance>
                    <field id="mimetype">
                        <control template="/org/alfresco/components/form/controls/mimetype.ftl" />
                    </field>
                    <field id="cm:modifier">
                        <control>
                            <control-param name="forceEditable">true</control-param>
                        </control>
                    </field>
                    <field id="cm:modified">
                        <control template="/org/alfresco/components/form/controls/daterange.ftl" />
                    </field>

                    <set id="acmeDocSet" appearance="bordered-panel" label-id="form.set.label.acme.document"/>
                    <field id="acme:documentId"  label-id="form.field.label.acme.documentId" set="acmeDocSet">
                        <control template="/org/alfresco/components/form/controls/textfield.ftl"/>
                    </field>
                    <field id="acme:securityClassification" label-id="form.field.label.acme.securityClassification" set="acmeDocSet"/>

                    <set id="contractDocSet" appearance="bordered-panel" label-id="form.set.label.acme.contract"/>
                    <field id="acme:contractName"  label-id="form.field.label.acme.contractName" set="contractDocSet"/>
                    <field id="acme:contractId" label-id="form.field.label.acme.contractId" set="contractDocSet"/>
                </appearance>
            </form>
        </forms>
    </config>

    <!-- __________________________________ acme:policy type _________________________________________________
        No extra properties than acme:document, but forms still need to be defined.
        Note. the 2 extra properties from the cm:effectivity aspect does not need
        to be added, they are already part of the default cm:content form configuration we copied from.
        However, if you wanted the cm:effectivity properties (i.e. cm:to and cm:from)
        to be displayed in a different order, then you would need to change it here.
    -->

    <!-- View and Edit forms for acme:policy -->
    <config evaluator="node-type" condition="acme:policy">
        <forms>
            <!-- Default form configuration -->
            <form>
                <field-visibility>
                    <show id="cm:name" />
                    <show id="cm:title" force="true" />
                    <show id="cm:description" force="true" />
                    <show id="mimetype" />
                    <show id="cm:author" force="true" />
                    <show id="size" for-mode="view" />
                    <show id="cm:creator" for-mode="view" />
                    <show id="cm:created" for-mode="view" />
                    <show id="cm:modifier" for-mode="view" />
                    <show id="cm:modified" for-mode="view" />

                    <!-- tags and categories -->
                    <show id="cm:taggable" for-mode="edit" force="true" />
                    <show id="cm:categories" />

                    <!-- cm:dublincore aspect -->
                    <show id="cm:publisher"/>
                    <show id="cm:contributor"/>
                    <show id="cm:type"/>
                    <show id="cm:identifier"/>
                    <show id="cm:dcsource"/>
                    <show id="cm:coverage"/>
                    <show id="cm:rights"/>
                    <show id="cm:subject"/>

                    <!-- cm:complianceable aspect -->
                    <show id="cm:removeAfter" />

                    <!-- cm:effectivity aspect -->
                    <show id="cm:from"/>
                    <show id="cm:to"/>

                    <!--  cm:summarizable aspect -->
                    <show id="cm:summary" />

                    <!-- cm:translatable aspect -->
                    <show id="cm:translations" />

                    <!-- cm:localizable aspect -->
                    <show id="cm:locale" />

                    <!-- cm:ownable aspect -->
                    <show id="cm:owner" />

                    <!-- cm:attachable aspect -->
                    <show id="cm:attachments" />

                    <!-- cm:emailed aspect -->
                    <show id="cm:originator" />
                    <show id="cm:addressee" />
                    <show id="cm:addressees" />
                    <show id="cm:sentdate" />
                    <show id="cm:subjectline" />

                    <!-- exif:exif aspect -->
                    <show id="exif:dateTimeOriginal" />
                    <show id="exif:pixelXDimension" />
                    <show id="exif:pixelYDimension" />
                    <show id="exif:exposureTime" />
                    <show id="exif:fNumber" />
                    <show id="exif:flash" />
                    <show id="exif:focalLength" />
                    <show id="exif:isoSpeedRatings" />
                    <show id="exif:manufacturer" />
                    <show id="exif:model" />
                    <show id="exif:software" />
                    <show id="exif:orientation" />
                    <show id="exif:xResolution" />
                    <show id="exif:yResolution" />
                    <show id="exif:resolutionUnit" />

                    <!-- audio:audio aspect -->
                    <show id="audio:album" />
                    <show id="audio:artist" />
                    <show id="audio:composer" />
                    <show id="audio:engineer" />
                    <show id="audio:genre" />
                    <show id="audio:trackNumber" />
                    <show id="audio:releaseDate" />
                    <show id="audio:sampleRate" />
                    <show id="audio:sampleType" />
                    <show id="audio:channelType" />
                    <show id="audio:compressor" />

                    <!-- cm:indexControl aspect -->
                    <show id="cm:isIndexed" />
                    <show id="cm:isContentIndexed" />

                    <!-- cm:geographic aspect -->
                    <show id="cm:latitude" />
                    <show id="cm:longitude" />

                    <!-- surf:widget aspect -->
                    <show id="surf:widgetType"/>
                    <show id="surf:mid"/>
                    <show id="surf:label"/>

                    <show id="acme:documentId" force="true"/>
                    <show id="acme:securityClassification" />
                </field-visibility>
                <appearance>
                    <field id="cm:name">
                        <control>
                            <control-param name="maxLength">255</control-param>
                        </control>
                    </field>
                    <field id="cm:title">
                        <control template="/org/alfresco/components/form/controls/textfield.ftl" />
                    </field>
                    <field id="cm:description">
                        <control>
                            <control-param name="activateLinks">true</control-param>
                        </control>
                    </field>
                    <field id="mimetype">
                        <control template="/org/alfresco/components/form/controls/mimetype.ftl" />
                    </field>
                    <field id="size">
                        <control template="/org/alfresco/components/form/controls/size.ftl" />
                    </field>
                    <field id="cm:taggable">
                        <control>
                            <control-param name="compactMode">true</control-param>
                            <control-param name="params">aspect=cm:taggable</control-param>
                            <control-param name="createNewItemUri">/api/tag/workspace/SpacesStore</control-param>
                            <control-param name="createNewItemIcon">tag</control-param>
                        </control>
                    </field>
                    <field id="cm:categories">
                        <control>
                            <control-param name="compactMode">true</control-param>
                        </control>
                    </field>
                    <field id="cm:originator" read-only="true" />
                    <field id="cm:addressee" read-only="true" />
                    <field id="cm:addressees" read-only="true" />
                    <field id="cm:sentdate" read-only="true" />
                    <field id="cm:subjectline" read-only="true" />

                    <set id="acmeDocSet" appearance="bordered-panel" label-id="form.set.label.acme.document"/>
                    <field id="acme:documentId"  label-id="form.field.label.acme.documentId" set="acmeDocSet">
                        <control template="/org/alfresco/components/form/controls/textfield.ftl"/>
                    </field>
                    <field id="acme:securityClassification" label-id="form.field.label.acme.securityClassification" set="acmeDocSet"/>
                </appearance>
            </form>

            <!-- Document Library pop-up Edit Metadata form -->
            <form id="doclib-simple-metadata">
                <field-visibility>
                    <show id="cm:name" />
                    <show id="cm:title" force="true" />
                    <show id="cm:description" force="true" />
                    <!-- tags and categories -->
                    <show id="cm:taggable" for-mode="edit" force="true" />
                    <show id="cm:categories" />

                    <show id="acme:documentId" force="true"/>
                    <show id="acme:securityClassification" />
                </field-visibility>
                <edit-form template="../documentlibrary/forms/doclib-simple-metadata.ftl" />
                <appearance>
                    <field id="cm:name">
                        <control>
                            <control-param name="maxLength">255</control-param>
                        </control>
                    </field>
                    <field id="cm:title">
                        <control template="/org/alfresco/components/form/controls/textfield.ftl" />
                    </field>
                    <field id="cm:description">
                        <control>
                            <control-param name="activateLinks">true</control-param>
                        </control>
                    </field>
                    <field id="cm:taggable">
                        <control>
                            <control-param name="compactMode">true</control-param>
                            <control-param name="params">aspect=cm:taggable</control-param>
                            <control-param name="createNewItemUri">/api/tag/workspace/SpacesStore</control-param>
                            <control-param name="createNewItemIcon">tag</control-param>
                        </control>
                    </field>
                    <field id="cm:categories">
                        <control>
                            <control-param name="compactMode">true</control-param>
                        </control>
                    </field>

                    <set id="acmeDocSet" appearance="bordered-panel" label-id="form.set.label.acme.document"/>
                    <field id="acme:documentId"  label-id="form.field.label.acme.documentId" set="acmeDocSet">
                        <control template="/org/alfresco/components/form/controls/textfield.ftl"/>
                    </field>
                    <field id="acme:securityClassification" label-id="form.field.label.acme.securityClassification" set="acmeDocSet"/>
                </appearance>
            </form>

            <!-- Document Library Inline Edit form -->
            <form id="doclib-inline-edit">
                <field-visibility>
                    <show id="cm:name" />
                    <show id="cm:content" force="true" />
                    <show id="cm:title" force="true" />
                    <show id="cm:description" force="true" />

                    <show id="acme:documentId" force="true"/>
                    <show id="acme:securityClassification" />
                </field-visibility>
                <appearance>
                    <field id="cm:name">
                        <control>
                            <control-param name="maxLength">255</control-param>
                        </control>
                    </field>
                    <field id="cm:title">
                        <control template="/org/alfresco/components/form/controls/textfield.ftl" />
                    </field>
                    <field id="cm:content" label-id="">
                        <control>
                            <control-param name="editorAppearance">explorer</control-param>
                            <control-param name="forceEditor">true</control-param>
                        </control>
                    </field>

                    <set id="acmeDocSet" appearance="bordered-panel" label-id="form.set.label.acme.document"/>
                    <field id="acme:documentId"  label-id="form.field.label.acme.documentId" set="acmeDocSet">
                        <control template="/org/alfresco/components/form/controls/textfield.ftl"/>
                    </field>
                    <field id="acme:securityClassification" label-id="form.field.label.acme.securityClassification" set="acmeDocSet"/>
                </appearance>
            </form>
        </forms>
    </config>

    <!-- Create and search forms for acme:policy -->
    <config evaluator="model-type" condition="acme:policy">
        <forms>
            <form>
                <field-visibility>
                    <show id="cm:name"/>
                    <show id="cm:content" force="true"/>
                    <show id="cm:title" force="true"/>
                    <show id="cm:description" force="true"/>
                    <show id="mimetype"/>
                    <show id="app:editInline" force="true"/>

                    <show id="acme:documentId" force="true"/>
                    <show id="acme:securityClassification" />
                </field-visibility>
                <appearance>
                    <field id="cm:name">
                        <control>
                            <control-param name="maxLength">255</control-param>
                        </control>
                    </field>
                    <field id="cm:title">
                        <control template="/org/alfresco/components/form/controls/textfield.ftl"/>
                    </field>
                    <field id="cm:content" label-id="">
                        <control>
                            <control-param name="editorAppearance">explorer</control-param>
                        </control>
                    </field>
                    <field id="mimetype">
                        <control template="/org/alfresco/components/form/controls/hidden.ftl">
                            <control-param name="contextProperty">mimeType</control-param>
                        </control>
                    </field>
                    <field id="app:editInline">
                        <control template="/org/alfresco/components/form/controls/hidden.ftl">
                            <control-param name="contextProperty">editInline</control-param>
                        </control>
                    </field>

                    <set id="acmeDocSet" appearance="bordered-panel" label-id="form.set.label.acme.document"/>
                    <field id="acme:documentId"  label-id="form.field.label.acme.documentId" set="acmeDocSet">
                        <control template="/org/alfresco/components/form/controls/textfield.ftl"/>
                    </field>
                    <field id="acme:securityClassification" label-id="form.field.label.acme.securityClassification" set="acmeDocSet"/>
                </appearance>
            </form>
            <!-- Search form -->
            <form id="search">
                <field-visibility>
                    <show id="cm:name" />
                    <show id="cm:title" force="true" />
                    <show id="cm:description" force="true" />
                    <show id="mimetype" />
                    <show id="cm:modified" />
                    <show id="cm:modifier" />

                    <show id="acme:documentId" force="true"/>
                    <show id="acme:securityClassification" />
                </field-visibility>
                <appearance>
                    <field id="mimetype">
                        <control template="/org/alfresco/components/form/controls/mimetype.ftl" />
                    </field>
                    <field id="cm:modifier">
                        <control>
                            <control-param name="forceEditable">true</control-param>
                        </control>
                    </field>
                    <field id="cm:modified">
                        <control template="/org/alfresco/components/form/controls/daterange.ftl" />
                    </field>

                    <set id="acmeDocSet" appearance="bordered-panel" label-id="form.set.label.acme.document"/>
                    <field id="acme:documentId"  label-id="form.field.label.acme.documentId" set="acmeDocSet">
                        <control template="/org/alfresco/components/form/controls/textfield.ftl"/>
                    </field>
                    <field id="acme:securityClassification" label-id="form.field.label.acme.securityClassification" set="acmeDocSet"/>
                </appearance>
            </form>
        </forms>
    </config>

    <!-- __________________________________ acme:whitePaper type _________________________________________________
        No extra properties than acme:document, but forms still need to be defined.
    -->

    <!-- View and Edit forms for acme:whitePaper -->
    <config evaluator="node-type" condition="acme:whitePaper">
        <forms>
            <!-- Default form configuration -->
            <form>
                <field-visibility>
                    <show id="cm:name" />
                    <show id="cm:title" force="true" />
                    <show id="cm:description" force="true" />
                    <show id="mimetype" />
                    <show id="cm:author" force="true" />
                    <show id="size" for-mode="view" />
                    <show id="cm:creator" for-mode="view" />
                    <show id="cm:created" for-mode="view" />
                    <show id="cm:modifier" for-mode="view" />
                    <show id="cm:modified" for-mode="view" />

                    <!-- tags and categories -->
                    <show id="cm:taggable" for-mode="edit" force="true" />
                    <show id="cm:categories" />

                    <!-- cm:dublincore aspect -->
                    <show id="cm:publisher"/>
                    <show id="cm:contributor"/>
                    <show id="cm:type"/>
                    <show id="cm:identifier"/>
                    <show id="cm:dcsource"/>
                    <show id="cm:coverage"/>
                    <show id="cm:rights"/>
                    <show id="cm:subject"/>

                    <!-- cm:complianceable aspect -->
                    <show id="cm:removeAfter" />

                    <!-- cm:effectivity aspect -->
                    <show id="cm:from"/>
                    <show id="cm:to"/>

                    <!--  cm:summarizable aspect -->
                    <show id="cm:summary" />

                    <!-- cm:translatable aspect -->
                    <show id="cm:translations" />

                    <!-- cm:localizable aspect -->
                    <show id="cm:locale" />

                    <!-- cm:ownable aspect -->
                    <show id="cm:owner" />

                    <!-- cm:attachable aspect -->
                    <show id="cm:attachments" />

                    <!-- cm:emailed aspect -->
                    <show id="cm:originator" />
                    <show id="cm:addressee" />
                    <show id="cm:addressees" />
                    <show id="cm:sentdate" />
                    <show id="cm:subjectline" />

                    <!-- exif:exif aspect -->
                    <show id="exif:dateTimeOriginal" />
                    <show id="exif:pixelXDimension" />
                    <show id="exif:pixelYDimension" />
                    <show id="exif:exposureTime" />
                    <show id="exif:fNumber" />
                    <show id="exif:flash" />
                    <show id="exif:focalLength" />
                    <show id="exif:isoSpeedRatings" />
                    <show id="exif:manufacturer" />
                    <show id="exif:model" />
                    <show id="exif:software" />
                    <show id="exif:orientation" />
                    <show id="exif:xResolution" />
                    <show id="exif:yResolution" />
                    <show id="exif:resolutionUnit" />

                    <!-- audio:audio aspect -->
                    <show id="audio:album" />
                    <show id="audio:artist" />
                    <show id="audio:composer" />
                    <show id="audio:engineer" />
                    <show id="audio:genre" />
                    <show id="audio:trackNumber" />
                    <show id="audio:releaseDate" />
                    <show id="audio:sampleRate" />
                    <show id="audio:sampleType" />
                    <show id="audio:channelType" />
                    <show id="audio:compressor" />

                    <!-- cm:indexControl aspect -->
                    <show id="cm:isIndexed" />
                    <show id="cm:isContentIndexed" />

                    <!-- cm:geographic aspect -->
                    <show id="cm:latitude" />
                    <show id="cm:longitude" />

                    <!-- surf:widget aspect -->
                    <show id="surf:widgetType"/>
                    <show id="surf:mid"/>
                    <show id="surf:label"/>

                    <show id="acme:documentId" force="true"/>
                    <show id="acme:securityClassification" />
                </field-visibility>
                <appearance>
                    <field id="cm:name">
                        <control>
                            <control-param name="maxLength">255</control-param>
                        </control>
                    </field>
                    <field id="cm:title">
                        <control template="/org/alfresco/components/form/controls/textfield.ftl" />
                    </field>
                    <field id="cm:description">
                        <control>
                            <control-param name="activateLinks">true</control-param>
                        </control>
                    </field>
                    <field id="mimetype">
                        <control template="/org/alfresco/components/form/controls/mimetype.ftl" />
                    </field>
                    <field id="size">
                        <control template="/org/alfresco/components/form/controls/size.ftl" />
                    </field>
                    <field id="cm:taggable">
                        <control>
                            <control-param name="compactMode">true</control-param>
                            <control-param name="params">aspect=cm:taggable</control-param>
                            <control-param name="createNewItemUri">/api/tag/workspace/SpacesStore</control-param>
                            <control-param name="createNewItemIcon">tag</control-param>
                        </control>
                    </field>
                    <field id="cm:categories">
                        <control>
                            <control-param name="compactMode">true</control-param>
                        </control>
                    </field>
                    <field id="cm:originator" read-only="true" />
                    <field id="cm:addressee" read-only="true" />
                    <field id="cm:addressees" read-only="true" />
                    <field id="cm:sentdate" read-only="true" />
                    <field id="cm:subjectline" read-only="true" />

                    <set id="acmeDocSet" appearance="bordered-panel" label-id="form.set.label.acme.document"/>
                    <field id="acme:documentId"  label-id="form.field.label.acme.documentId" set="acmeDocSet">
                        <control template="/org/alfresco/components/form/controls/textfield.ftl"/>
                    </field>
                    <field id="acme:securityClassification" label-id="form.field.label.acme.securityClassification" set="acmeDocSet"/>
                </appearance>
            </form>

            <!-- Document Library pop-up Edit Metadata form -->
            <form id="doclib-simple-metadata">
                <field-visibility>
                    <show id="cm:name" />
                    <show id="cm:title" force="true" />
                    <show id="cm:description" force="true" />
                    <!-- tags and categories -->
                    <show id="cm:taggable" for-mode="edit" force="true" />
                    <show id="cm:categories" />

                    <show id="acme:documentId" force="true"/>
                    <show id="acme:securityClassification" />
                </field-visibility>
                <edit-form template="../documentlibrary/forms/doclib-simple-metadata.ftl" />
                <appearance>
                    <field id="cm:name">
                        <control>
                            <control-param name="maxLength">255</control-param>
                        </control>
                    </field>
                    <field id="cm:title">
                        <control template="/org/alfresco/components/form/controls/textfield.ftl" />
                    </field>
                    <field id="cm:description">
                        <control>
                            <control-param name="activateLinks">true</control-param>
                        </control>
                    </field>
                    <field id="cm:taggable">
                        <control>
                            <control-param name="compactMode">true</control-param>
                            <control-param name="params">aspect=cm:taggable</control-param>
                            <control-param name="createNewItemUri">/api/tag/workspace/SpacesStore</control-param>
                            <control-param name="createNewItemIcon">tag</control-param>
                        </control>
                    </field>
                    <field id="cm:categories">
                        <control>
                            <control-param name="compactMode">true</control-param>
                        </control>
                    </field>

                    <set id="acmeDocSet" appearance="bordered-panel" label-id="form.set.label.acme.document"/>
                    <field id="acme:documentId"  label-id="form.field.label.acme.documentId" set="acmeDocSet">
                        <control template="/org/alfresco/components/form/controls/textfield.ftl"/>
                    </field>
                    <field id="acme:securityClassification" label-id="form.field.label.acme.securityClassification" set="acmeDocSet"/>
                </appearance>
            </form>

            <!-- Document Library Inline Edit form -->
            <form id="doclib-inline-edit">
                <field-visibility>
                    <show id="cm:name" />
                    <show id="cm:content" force="true" />
                    <show id="cm:title" force="true" />
                    <show id="cm:description" force="true" />

                    <show id="acme:documentId" force="true"/>
                    <show id="acme:securityClassification" />
                </field-visibility>
                <appearance>
                    <field id="cm:name">
                        <control>
                            <control-param name="maxLength">255</control-param>
                        </control>
                    </field>
                    <field id="cm:title">
                        <control template="/org/alfresco/components/form/controls/textfield.ftl" />
                    </field>
                    <field id="cm:content" label-id="">
                        <control>
                            <control-param name="editorAppearance">explorer</control-param>
                            <control-param name="forceEditor">true</control-param>
                        </control>
                    </field>

                    <set id="acmeDocSet" appearance="bordered-panel" label-id="form.set.label.acme.document"/>
                    <field id="acme:documentId"  label-id="form.field.label.acme.documentId" set="acmeDocSet">
                        <control template="/org/alfresco/components/form/controls/textfield.ftl"/>
                    </field>
                    <field id="acme:securityClassification" label-id="form.field.label.acme.securityClassification" set="acmeDocSet"/>
                </appearance>
            </form>
        </forms>
    </config>

    <!-- Create and search forms for acme:whitePaper -->
    <config evaluator="model-type" condition="acme:whitePaper">
        <forms>
            <form>
                <field-visibility>
                    <show id="cm:name"/>
                    <show id="cm:content" force="true"/>
                    <show id="cm:title" force="true"/>
                    <show id="cm:description" force="true"/>
                    <show id="mimetype"/>
                    <show id="app:editInline" force="true"/>

                    <show id="acme:documentId" force="true"/>
                    <show id="acme:securityClassification" />
                </field-visibility>
                <appearance>
                    <field id="cm:name">
                        <control>
                            <control-param name="maxLength">255</control-param>
                        </control>
                    </field>
                    <field id="cm:title">
                        <control template="/org/alfresco/components/form/controls/textfield.ftl"/>
                    </field>
                    <field id="cm:content" label-id="">
                        <control>
                            <control-param name="editorAppearance">explorer</control-param>
                        </control>
                    </field>
                    <field id="mimetype">
                        <control template="/org/alfresco/components/form/controls/hidden.ftl">
                            <control-param name="contextProperty">mimeType</control-param>
                        </control>
                    </field>
                    <field id="app:editInline">
                        <control template="/org/alfresco/components/form/controls/hidden.ftl">
                            <control-param name="contextProperty">editInline</control-param>
                        </control>
                    </field>

                    <set id="acmeDocSet" appearance="bordered-panel" label-id="form.set.label.acme.document"/>
                    <field id="acme:documentId"  label-id="form.field.label.acme.documentId" set="acmeDocSet">
                        <control template="/org/alfresco/components/form/controls/textfield.ftl"/>
                    </field>
                    <field id="acme:securityClassification" label-id="form.field.label.acme.securityClassification" set="acmeDocSet"/>
                </appearance>
            </form>
            <!-- Search form -->
            <form id="search">
                <field-visibility>
                    <show id="cm:name" />
                    <show id="cm:title" force="true" />
                    <show id="cm:description" force="true" />
                    <show id="mimetype" />
                    <show id="cm:modified" />
                    <show id="cm:modifier" />

                    <show id="acme:documentId" force="true"/>
                    <show id="acme:securityClassification" />
                </field-visibility>
                <appearance>
                    <field id="mimetype">
                        <control template="/org/alfresco/components/form/controls/mimetype.ftl" />
                    </field>
                    <field id="cm:modifier">
                        <control>
                            <control-param name="forceEditable">true</control-param>
                        </control>
                    </field>
                    <field id="cm:modified">
                        <control template="/org/alfresco/components/form/controls/daterange.ftl" />
                    </field>

                    <set id="acmeDocSet" appearance="bordered-panel" label-id="form.set.label.acme.document"/>
                    <field id="acme:documentId"  label-id="form.field.label.acme.documentId" set="acmeDocSet">
                        <control template="/org/alfresco/components/form/controls/textfield.ftl"/>
                    </field>
                    <field id="acme:securityClassification" label-id="form.field.label.acme.securityClassification" set="acmeDocSet"/>
                </appearance>
            </form>
        </forms>
    </config>

    <!-- __________________________________ acme:project type _______________________________________________________-->

    <!-- View and Edit forms for acme:project -->
    <config evaluator="node-type" condition="acme:project">
        <forms>
            <!-- Default form configuration -->
            <form>
                <field-visibility>
                    <show id="cm:name" />
                    <show id="cm:title" force="true" />
                    <show id="cm:description" force="true" />

                    <!-- tags and categories -->
                    <show id="cm:taggable" for-mode="edit" force="true" />
                    <show id="cm:categories" />

                    <!-- emailserver:aliasable aspect -->
                    <show id="emailserver:alias" />

                    <show id="acme:projectName" />
                    <show id="acme:projectNumber" />
                    <show id="acme:projectDescription" />
                    <show id="acme:projectStartDate" />
                    <show id="acme:projectMember" />
                </field-visibility>
                <appearance>
                    <field id="cm:name">
                        <control>
                            <control-param name="maxLength">255</control-param>
                        </control>
                    </field>
                    <field id="cm:title">
                        <control template="/org/alfresco/components/form/controls/textfield.ftl" />
                    </field>
                    <field id="cm:description">
                        <control>
                            <control-param name="activateLinks">true</control-param>
                        </control>
                    </field>
                    <field id="cm:taggable">
                        <control>
                            <control-param name="compactMode">true</control-param>
                            <control-param name="params">aspect=cm:taggable</control-param>
                            <control-param name="createNewItemUri">/api/tag/workspace/SpacesStore</control-param>
                            <control-param name="createNewItemIcon">tag</control-param>
                        </control>
                    </field>
                    <field id="cm:categories">
                        <control>
                            <control-param name="compactMode">true</control-param>
                        </control>
                    </field>

                    <set id="acmeProjectSet" appearance="bordered-panel" label-id="form.set.label.acme.project"/>
                    <field id="acme:projectName" label-id="form.field.label.acme.projectName" set="acmeProjectSet" />
                    <field id="acme:projectNumber" label-id="form.field.label.acme.projectNumber" set="acmeProjectSet"/>
                    <field id="acme:projectDescription" label-id="form.field.label.acme.projectDescription" set="acmeProjectSet"/>
                    <field id="acme:projectStartDate" label-id="form.field.label.acme.projectStartDate" set="acmeProjectSet"/>
                    <field id="acme:projectMember" label-id="form.field.label.acme.projectMembers" set="acmeProjectSet"/>
                </appearance>
            </form>

            <!-- Document Library pop-up Edit Metadata form -->
            <form id="doclib-simple-metadata">
                <field-visibility>
                    <show id="cm:name" />
                    <show id="cm:title" force="true" />
                    <show id="cm:description" force="true" />
                    <!-- tags and categories -->
                    <show id="cm:taggable" for-mode="edit" force="true" />
                    <show id="cm:categories" />

                    <show id="acme:projectName" />
                    <show id="acme:projectNumber" />
                    <show id="acme:projectDescription" />
                    <show id="acme:projectStartDate" />
                    <show id="acme:projectMember" />
                </field-visibility>
                <edit-form template="../documentlibrary/forms/doclib-simple-metadata.ftl" />
                <appearance>
                    <field id="cm:name">
                        <control>
                            <control-param name="maxLength">255</control-param>
                        </control>
                    </field>
                    <field id="cm:title">
                        <control template="/org/alfresco/components/form/controls/textfield.ftl" />
                    </field>
                    <field id="cm:description">
                        <control>
                            <control-param name="activateLinks">true</control-param>
                        </control>
                    </field>
                    <field id="cm:taggable">
                        <control>
                            <control-param name="compactMode">true</control-param>
                            <control-param name="params">aspect=cm:taggable</control-param>
                            <control-param name="createNewItemUri">/api/tag/workspace/SpacesStore</control-param>
                            <control-param name="createNewItemIcon">tag</control-param>
                        </control>
                    </field>
                    <field id="cm:categories">
                        <control>
                            <control-param name="compactMode">true</control-param>
                        </control>
                    </field>

                    <set id="acmeProjectSet" appearance="bordered-panel" label-id="form.set.label.acme.project"/>
                    <field id="acme:projectName" label-id="form.field.label.acme.projectName" set="acmeProjectSet" />
                    <field id="acme:projectNumber" label-id="form.field.label.acme.projectNumber" set="acmeProjectSet"/>
                    <field id="acme:projectDescription" label-id="form.field.label.acme.projectDescription" set="acmeProjectSet"/>
                    <field id="acme:projectStartDate" label-id="form.field.label.acme.projectStartDate" set="acmeProjectSet"/>
                    <field id="acme:projectMember" label-id="form.field.label.acme.projectMembers" set="acmeProjectSet"/>
                </appearance>
            </form>
        </forms>
    </config>

    <!-- Create and search forms for acme:project -->
    <config evaluator="model-type" condition="acme:project">
        <forms>
            <!-- Document Library Common form -->
            <form id="doclib-common">
                <field-visibility>
                    <show id="cm:name" />
                    <show id="cm:title" force="true" />
                    <show id="cm:description" force="true" />

                    <show id="acme:projectName" />
                    <show id="acme:projectNumber" />
                    <show id="acme:projectDescription" />
                    <show id="acme:projectStartDate" />
                    <show id="acme:projectMember" />
                </field-visibility>
                <create-form template="../documentlibrary/forms/doclib-common.ftl" />
                <appearance>
                    <field id="cm:name">
                        <control template="/org/alfresco/components/form/controls/textfield.ftl" >
                            <control-param name="maxLength">255</control-param>
                        </control>
                    </field>
                    <field id="cm:title">
                        <control template="/org/alfresco/components/form/controls/textfield.ftl" />
                    </field>

                    <set id="acmeProjectSet" appearance="bordered-panel" label-id="form.set.label.acme.project"/>
                    <field id="acme:projectName" label-id="form.field.label.acme.projectName" set="acmeProjectSet" />
                    <field id="acme:projectNumber" label-id="form.field.label.acme.projectNumber" set="acmeProjectSet"/>
                    <field id="acme:projectDescription" label-id="form.field.label.acme.projectDescription" set="acmeProjectSet"/>
                    <field id="acme:projectStartDate" label-id="form.field.label.acme.projectStartDate" set="acmeProjectSet"/>
                    <field id="acme:projectMember" label-id="form.field.label.acme.projectMembers" set="acmeProjectSet"/>
                </appearance>
            </form>
            <!-- Search form -->
            <form id="search">
                <field-visibility>
                    <show id="cm:name" />
                    <show id="cm:title" force="true" />
                    <show id="cm:description" force="true" />

                    <show id="acme:projectName" />
                    <show id="acme:projectNumber" />
                    <show id="acme:projectDescription" />
                    <show id="acme:projectStartDate" />
                    <show id="acme:projectMember" />
                </field-visibility>
                <appearance>
                    <set id="acmeProjectSet" appearance="bordered-panel" label-id="form.set.label.acme.project"/>
                    <field id="acme:projectName" label-id="form.field.label.acme.projectName" set="acmeProjectSet" />
                    <field id="acme:projectNumber" label-id="form.field.label.acme.projectNumber" set="acmeProjectSet"/>
                    <field id="acme:projectDescription" label-id="form.field.label.acme.projectDescription" set="acmeProjectSet"/>
                    <field id="acme:projectStartDate" label-id="form.field.label.acme.projectStartDate" set="acmeProjectSet"/>
                    <field id="acme:projectMember" label-id="form.field.label.acme.projectMembers" set="acmeProjectSet"/>
                </appearance>
            </form>
        </forms>
    </config>

    <!-- __________________________________ acme:webPublished aspect ________________________________________________-->

    <config evaluator="aspect" condition="acme:webPublished">
        <forms>
            <!-- Default form for view and edit properties -->
            <form>
                <field-visibility>
                    <show id="acme:publishedDate" />
                </field-visibility>
                <appearance>
                    <set id="acmeWebPublishedSet" appearance="bordered-panel" label-id="form.set.label.acme.webPublished"/>
                    <field id="acme:publishedDate" label-id="form.field.label.acme.publishedDate" set="acmeWebPublishedSet" />
                </appearance>
            </form>
        </forms>
    </config>

    <!-- __________________________________ acme:projectIdentifier aspect ________________________________________________-->

    <config evaluator="aspect" condition="acme:projectIdentifier">
        <forms>
            <!-- Default form for view and edit properties -->
            <form>
                <field-visibility>
                    <show id="acme:projectNumber" />
                </field-visibility>
                <appearance>
                    <set id="acmeProjectIdentifierSet" appearance="bordered-panel" label-id="form.set.label.acme.projectIdentifier"/>
                    <field id="acme:projectNumber" label-id="form.field.label.acme.projectNumber" set="acmeProjectIdentifierSet" />
                </appearance>
            </form>
        </forms>
    </config>

</alfresco-config>