<extension>
    <modules>
        <module>
            <id>Customize Web Script Controller for Web View Dashlet</id>
            <version>1.0</version>
            <auto-deploy>true</auto-deploy>
            <customizations>
                <customization>
                    <targetPackageRoot>org.alfresco.components.dashlets</targetPackageRoot>
                    <sourcePackageRoot>org.alfresco.tutorials.customization.webview.controller</sourcePackageRoot>
                </customization>
            </customizations>
        </module>
    </modules>
</extension>