<?xml version='1.0' encoding='UTF-8'?>
<!--
	Licensed to the Apache Software Foundation (ASF) under one or more
	contributor license agreements.  See the NOTICE file distributed with
	this work for additional information regarding copyright ownership.
	The ASF licenses this file to You under the Apache License, Version 2.0
	(the "License"); you may not use this file except in compliance with
	the License.  You may obtain a copy of the License at

	http://www.apache.org/licenses/LICENSE-2.0

	Unless required by applicable law or agreed to in writing, software
	distributed under the License is distributed on an "AS IS" BASIS,
	WITHOUT WARRANTIES OR CONDITIONS OF ANY KIND, either express or implied.
	See the License for the specific language governing permissions and
	limitations under the License.

-->
<!DOCTYPE beans PUBLIC '-//SPRING//DTD BEAN//EN' 'http://www.springframework.org/dtd/spring-beans.dtd'>

<beans>

    <!-- Register my model -->
   <bean id="my_rm_dictionaryBootstrap" parent="dictionaryModelBootstrap" depends-on="dictionaryBootstrap">
      <property name="models">
         <list>
            <value>alfresco/module/my_rm/model/my-rm-model.xml</value>
         </list>
      </property>
      <property name="labels">
         <list>
            <value>alfresco/module/my_rm/messages/my-rm-model</value>
         </list>
      </property>
   </bean>

   <!-- Register my custom compliance site and associate my custom file plan type -->
   <bean id="my_rm.site" 
         class="org.alfresco.module.org_alfresco_module_rm.model.rma.type.SiteTypeBootstrap" 
         init-method="init">
      <property name="rmSiteComponent" ref="rma.rmSite"/>
      <property name="siteType" value="myrm:site" />
      <property name="filePlanType" value="myrm:filePlan" />
   </bean>

   <!-- Register my compliance record metadata aspect with my file plan type -->
   <bean id="my_rm.recordMetadataAspectBootstrap" 
         parent="recordMetadataAspectBootstrap">
      <property name="recordMetadataAspects">
         <map>
            <entry key="myrm:myComplianceRecordMetaData" value="myrm:filePlan" />
         </map>
      </property>
   </bean>
   
   <!-- myrm:myComplianceRecordMetadata aspect behaviour bean -->
   <bean id="my_rm.myComplianceRecordMetadataAspect" 
         class="org.alfresco.module.my_rm.model.MyComplianceRecordMetadataAspect">
      <property name="nodeService" ref="NodeService" />
   </bean>
   
</beans>
