<!-- Share configuration related to this particular Share module extension, such as:
     - Doclib action config
     - Form config
     - Aspect and Type config

    Note. Any configuration related to the whole Share.war webapp
           (i.e. not specific to this share extension) should be
            placed in the environment specific config:
             alfresco-allinone/share/src/main/resources/alfresco/web-extension/share-config-custom.xml file
     -->
<alfresco-config>
    <!--
        Activiti Invoice Approval and Payment Preparation Workflow
            - Start Task Form
            -->
    <config evaluator="string-compare" condition="activiti$invoiceProcess">
        <forms>
            <form>
                <field-visibility>
                    <show id="bpm:workflowDescription" />
                    <show id="bpm:workflowDueDate" />
                    <show id="bpm:workflowPriority" />
                    <show id="bpm:assignee" />
                    <show id="packageItems" />
                    <show id="bpm:sendEMailNotifications" />
                </field-visibility>
                <appearance>
                    <set id="" appearance="title" label-id="workflow.set.general" />
                    <set id="info" appearance="" template="/org/alfresco/components/form/2-column-set.ftl" />
                    <set id="assignee" appearance="title" label-id="invoiceProcess.workflow.set.assignee" />
                    <set id="items" appearance="title" label-id="workflow.set.items" />
                    <set id="other" appearance="title" label-id="workflow.set.other" />

                    <field id="bpm:workflowDescription" label-id="workflow.field.message">
                        <control template="/org/alfresco/components/form/controls/textarea.ftl">
                            <control-param name="style">width: 95%</control-param>
                        </control>
                    </field>
                    <field id="bpm:workflowDueDate" label-id="workflow.field.due" set="info">
                        <control template="/org/alfresco/components/form/controls/date.ftl">
                            <control-param name="showTime">false</control-param>
                            <control-param name="submitTime">false</control-param>
                        </control>
                    </field>
                    <field id="bpm:workflowPriority" label-id="workflow.field.priority" set="info">
                        <control template="/org/alfresco/components/form/controls/workflow/priority.ftl" />
                    </field>
                    <field id="bpm:assignee" label-id="invoiceProcess.workflow.field.approver" set="assignee" />
                    <field id="packageItems" set="items" />
                    <field id="bpm:sendEMailNotifications" set="other">
                        <control template="/org/alfresco/components/form/controls/workflow/email-notification.ftl" />
                    </field>
                </appearance>
            </form>
        </forms>
    </config>

    <!--
        Activiti Invoice Approval and Payment Preparation Workflow
        - Approve Invoice Task Form
        -->
    <config evaluator="task-type" condition="acmew:approveInvoiceTask">
        <forms>
            <form>
                <field-visibility>
                    <show id="message" />
                    <show id="taskOwner" />
                    <show id="bpm:priority" />
                    <show id="bpm:dueDate" />
                    <show id="bpm:taskId" />
                    <show id="bpm:status" />
                    <show id="packageItems" />
                    <show id="bpm:comment" />

                    <show id="acmew:invoiceApprovalOutcome" />
                </field-visibility>
                <appearance>
                    <set id="" appearance="title" label-id="workflow.set.task.info" />
                    <set id="info" appearance="" template="/org/alfresco/components/form/3-column-set.ftl" />
                    <set id="progress" appearance="title" label-id="workflow.set.task.progress" />
                    <set id="items" appearance="title" label-id="workflow.set.items" />
                    <set id="response" appearance="title" label-id="workflow.set.response" />

                    <field id="message">
                        <control template="/org/alfresco/components/form/controls/info.ftl" />
                    </field>
                    <field id="taskOwner" set="info" />
                    <field id="bpm:taskId" set="info">
                        <control template="/org/alfresco/components/form/controls/info.ftl" />
                    </field>
                    <field id="bpm:priority" set="info" read-only="true">
                        <control template="/org/alfresco/components/form/controls/workflow/priority.ftl" />
                    </field>
                    <field id="bpm:dueDate" set="info" label-id="workflow.field.due">
                        <control template="/org/alfresco/components/form/controls/info.ftl" />
                    </field>
                    <field id="bpm:status" set="progress" />
                    <field id="packageItems" set="items" />
                    <field id="bpm:comment" label-id="workflow.field.comment" set="response">
                        <control template="/org/alfresco/components/form/controls/textarea.ftl" />
                    </field>
                    <field id="acmew:invoiceApprovalOutcome" label-id="workflow.field.outcome" set="response">
                        <control template="/org/alfresco/components/form/controls/workflow/activiti-transitions.ftl" />
                    </field>
                </appearance>
            </form>
        </forms>
    </config>

    <!--
        Activiti Invoice Approval and Payment Preparation Workflow
        - Clarify Invoice Task Form
        -->
    <config evaluator="task-type" condition="acmew:clarifyInvoiceTask">
        <forms>
            <form>
                <field-visibility>
                    <show id="message" />
                    <show id="taskOwner" />
                    <show id="bpm:priority" />
                    <show id="bpm:dueDate" />
                    <show id="bpm:taskId" />
                    <show id="bpm:status" />
                    <show id="packageItems" />
                    <show id="bpm:comment" />

                    <show id="acmew:clarifyInvoiceOutcome" />
                </field-visibility>
                <appearance>
                    <set id="" appearance="title" label-id="workflow.set.task.info" />
                    <set id="info" appearance="" template="/org/alfresco/components/form/3-column-set.ftl" />
                    <set id="progress" appearance="title" label-id="workflow.set.task.progress" />
                    <set id="items" appearance="title" label-id="workflow.set.items" />
                    <set id="response" appearance="title" label-id="workflow.set.response" />

                    <field id="message">
                        <control template="/org/alfresco/components/form/controls/info.ftl" />
                    </field>
                    <field id="taskOwner" set="info" />
                    <field id="bpm:taskId" set="info">
                        <control template="/org/alfresco/components/form/controls/info.ftl" />
                    </field>
                    <field id="bpm:priority" set="info" read-only="true">
                        <control template="/org/alfresco/components/form/controls/workflow/priority.ftl" />
                    </field>
                    <field id="bpm:dueDate" set="info" label-id="workflow.field.due">
                        <control template="/org/alfresco/components/form/controls/info.ftl" />
                    </field>
                    <field id="bpm:status" set="progress" />
                    <field id="packageItems" set="items" />
                    <field id="bpm:comment" label-id="workflow.field.comment" set="response">
                        <control template="/org/alfresco/components/form/controls/textarea.ftl" />
                    </field>
                    <field id="acmew:clarifyInvoiceOutcome" label-id="workflow.field.outcome" set="response">
                        <control template="/org/alfresco/components/form/controls/workflow/activiti-transitions.ftl" />
                    </field>
                </appearance>
            </form>
        </forms>
    </config>

    <!--
        Activiti Invoice Approval and Payment Preparation Workflow
        - Prepare Payment Task Form
        -->
    <config evaluator="task-type" condition="acmew:preparePaymentTask">
        <forms>
            <form>
                <field-visibility>
                    <show id="message" />
                    <show id="taskOwner" />
                    <show id="bpm:priority" />
                    <show id="bpm:dueDate" />
                    <show id="bpm:taskId" />
                    <show id="bpm:status" />
                    <show id="packageItems" />
                    <show id="bpm:comment" />
                    <show id="transitions" />
                </field-visibility>
                <appearance>
                    <set id="" appearance="title" label-id="workflow.set.task.info" />
                    <set id="info" appearance="" template="/org/alfresco/components/form/3-column-set.ftl" />
                    <set id="progress" appearance="title" label-id="workflow.set.task.progress" />
                    <set id="items" appearance="title" label-id="workflow.set.items" />
                    <set id="response" appearance="title" label-id="workflow.set.response" />

                    <field id="message">
                        <control template="/org/alfresco/components/form/controls/info.ftl" />
                    </field>
                    <field id="taskOwner" set="info" />
                    <field id="bpm:taskId" set="info">
                        <control template="/org/alfresco/components/form/controls/info.ftl" />
                    </field>
                    <field id="bpm:priority" set="info" read-only="true">
                        <control template="/org/alfresco/components/form/controls/workflow/priority.ftl" />
                    </field>
                    <field id="bpm:dueDate" set="info" label-id="workflow.field.due">
                        <control template="/org/alfresco/components/form/controls/info.ftl" />
                    </field>
                    <field id="bpm:status" set="progress" />
                    <field id="packageItems" set="items" />
                    <field id="bpm:comment" label-id="workflow.field.comment" set="response">
                        <control template="/org/alfresco/components/form/controls/textarea.ftl" />
                    </field>
                    <field id="transitions" set="response" />
                </appearance>
            </form>
        </forms>
    </config>

</alfresco-config>