<extension>
   <modules>

     <!--  Share module configuration -->
     <module>
         <id>Alfresco :: My Records Management Custom Global</id>
         <auto-deploy-index>15</auto-deploy-index>
         <auto-deploy>true</auto-deploy>

         <!-- Base evaluator that decides if any of the component bindings should be used at all -->
         <evaluator type="site.module.evaluator">
            <params>
               <sites>.*</sites>
               <sitePresets>rm-site-dashboard</sitePresets>
               <applyForNonSites>true</applyForNonSites>
            </params>
         </evaluator>

         <!-- Apply the following customizations when the base evaluator above passes -->
         <customizations>
            <customization>
               <targetPackageRoot>org.alfresco</targetPackageRoot>
               <sourcePackageRoot>org.alfresco.custom.rm.customizations</sourcePackageRoot>
            </customization>
         </customizations>
      </module>

   </modules>
</extension>
