<?xml version='1.0' encoding='UTF-8'?>
<beans xmlns="http://www.springframework.org/schema/beans"
       xmlns:xsi="http://www.w3.org/2001/XMLSchema-instance"
       xsi:schemaLocation="http://www.springframework.org/schema/beans
          http://www.springframework.org/schema/beans/spring-beans-2.0.xsd">

    <!-- The bootstrap-context.xml file is used for patch definitions, importers, 
		 workflow, and loading custom content models.  -->


    <!-- Registration of new models -->
    <bean id="org.alfresco.tutorial.customcontentmodelrepo.dictionaryBootstrap"
          parent="dictionaryModelBootstrap"
          depends-on="dictionaryBootstrap">
        <property name="models">
            <list>
                <value>alfresco/module/${project.artifactId}/model/content-model.xml</value>
            </list>
        </property>
        <property name="labels">
            <list>
                <!-- Bootstrap Resource Bundles for the content model types, aspects, properties etc -->
                <value>alfresco/module/${project.artifactId}/messages/content-model</value>
            </list>
        </property>
    </bean>



</beans>
