<?xml version="1.0" encoding="UTF-8"?>
<doc id="doc001">
    <project>
        <number>PX001</number>
    </project>
    <securityClassification>Company Confidential</securityClassification>
    <text>
        Lorem ipsum dolor sit amet, consectetur adipiscing elit. Praesent tincidunt luctus ante, in pulvinar ante rutrum
        quis. Etiam maximus arcu ut metus sollicitudin laoreet. Pellentesque ac purus nec massa euismod iaculis a sed
        sapien. Integer id nisi eu tellus commodo congue. In bibendum dapibus porttitor. Aenean lobortis sodales risus
        id elementum. Integer ex risus, commodo eu sollicitudin eu, vulputate in tellus. Fusce volutpat mollis turpis,
        eleifend aliquam leo laoreet dapibus.

        Quisque finibus lectus ut est elementum luctus. Aenean sagittis id tellus eu venenatis. Morbi vitae vulputate
        libero. Sed eu mauris placerat, egestas urna ut, posuere arcu. Ut porta sed quam at facilisis. Sed at tincidunt
        magna, non facilisis dui. Aliquam luctus, nibh sit amet congue sollicitudin, mauris leo dictum lectus, non
        laoreet sapien elit vitae neque. Ut rhoncus lobortis rhoncus. Nullam a mauris faucibus, malesuada ligula ut,
        congue mauris. Proin ac fringilla ante. Cum sociis natoque penatibus et magnis dis parturient montes, nascetur
        ridiculus mus. Sed vel magna erat. Nulla accumsan massa pulvinar, hendrerit elit at, fringilla ante.

        Integer id ante a diam volutpat venenatis. Quisque elit libero, consequat pretium commodo eget, dapibus at
        justo. Ut luctus rhoncus mi, nec bibendum libero sodales vitae. In tincidunt ac ligula at ullamcorper.
        Pellentesque vestibulum dui semper ullamcorper feugiat. Donec vitae scelerisque leo. Aliquam finibus magna quis
        lacinia congue. Class aptent taciti sociosqu ad litora torquent per conubia nostra, per inceptos himenaeos.
        Pellentesque eleifend pharetra volutpat. Quisque maximus diam vitae magna pulvinar venenatis. Nam suscipit at
        tortor eu ornare. Vivamus est sem, feugiat eu gravida ac, egestas ac ipsum. Nulla et diam interdum, porttitor
        justo in, interdum ligula. Aenean eu odio et justo dictum tristique a at nunc. Mauris in leo eget est lobortis
        cursus non eget ex. Cras eleifend, mauris et semper blandit, ex nisi porttitor massa, a lacinia erat lectus
        vitae ipsum.
    </text>
</doc>