<?xml version="1.0" encoding="UTF-8"?>
<!-- Definition of new Model -->
<model name="cme:customModelExample" xmlns="http://www.alfresco.org/model/dictionary/1.0">
    <!-- Optional meta-data about the model -->
    <description>Custom Example Model</description>
    <author>Ole Hejlskov</author>
    <version>1.0</version>

    <!-- Imports are required to allow references to definitions in other models -->
    <imports>
        <!-- Import Alfresco Dictionary Definitions -->
        <import uri="http://www.alfresco.org/model/dictionary/1.0" prefix="d" />
        <!-- Import Alfresco Content Domain Model Definitions -->
        <import uri="http://www.alfresco.org/model/content/1.0" prefix="cm" />
    </imports>

    <!-- Introduction of new namespaces defined by this model -->
    <namespaces>
        <namespace uri="http://www.alfresco.com/model/sample/1.0" prefix="cme" />
    </namespaces>

    <types>
        <type name="cme:doc">
            <title>Sample Document Type</title>
            <parent>cm:content</parent>
            <associations>
                <association name="cme:relatedDocuments">
                    <title>Related Documents</title>
                    <source>
                        <mandatory>false</mandatory>
                        <many>true</many>
                    </source>
                    <target>
                        <class>cme:doc</class>
                        <mandatory>false</mandatory>
                        <many>true</many>
                    </target>
                </association>
            </associations>
            <mandatory-aspects>
                <aspect>cm:generalclassifiable</aspect>
            </mandatory-aspects>
        </type>
    </types>

</model>