<?xml version='1.0' encoding='UTF-8'?>
<theme>
   <title>Green Theme Override</title>
   <title-id>theme.greenTheme</title-id>
   <css-tokens>
      <!-- Aikau related LESS variables (requires Aikau 1.0.18 or newer) -->
      <less-variables>
         @header-background-color: #799212;
         @header-font-color: #ccc;
         @header-hover-background-color: orange;
         @header-hover-font-color: green;
         @header-focus-background-color: yellow;
         @header-focus-font-color: red;
         @header-menubar-font-color: pink;
         @header-dropdown-menu-font-color: purple;
      </less-variables>
   </css-tokens>
</theme>
