<?xml version='1.0' encoding='UTF-8'?>
<beans xmlns="http://www.springframework.org/schema/beans"
       xmlns:xsi="http://www.w3.org/2001/XMLSchema-instance"
       xsi:schemaLocation="http://www.springframework.org/schema/beans
          http://www.springframework.org/schema/beans/spring-beans-2.0.xsd">

    <!-- The bootstrap-context.xml file is used for patch definitions, importers, 
		 workflow, and loading custom content models.  -->


    <bean id="org.alfresco.tutorial.customworkflow.workflowBootstrap" parent="workflowDeployer">
        <property name="workflowDefinitions">
            <list>
                <props>
                    <prop key="engineId">activiti</prop>
                    <prop key="location">alfresco/module/${project.artifactId}/workflows/simple-invoice-process.bpmn</prop>
                    <prop key="mimetype">text/xml</prop>
                    <prop key="redeploy">true</prop>
                </props>
            </list>
        </property>
        <property name="models">
            <list>
                <value>alfresco/module/${project.artifactId}/model/workflow-model.xml</value>
            </list>
        </property>
        <property name="labels">
            <list>
                <value>alfresco/module/${project.artifactId}/messages/workflow-messages</value>
            </list>
        </property>
    </bean>

</beans>
