<extension>
  <modules>
    <module>
      <id>all-in-one-share - Example Aikau Widgets</id>
      <version>1.0</version>
      <auto-deploy>true</auto-deploy>
      <configurations>
        <config evaluator="string-compare" condition="WebFramework" replace="false">
          <web-framework>
            <dojo-pages>
              <packages>
                <package name="tutorials" location="resources/all-in-one-share/js/tutorials"/>
              </packages>
            </dojo-pages>
          </web-framework>
        </config>
      </configurations>
    </module>
  </modules>
</extension>